file,url,what_it_shows
archival_dana-leavitt-drysuit-on-boat_SCAN0024.jpg,https://cdn.shopify.com/s/files/1/0578/4544/8747/files/SCAN0024.jpg?v=1762229578,"Scanned print. Man in a red drysuit sitting in a small boat on open water, island on horizon. Alt text on caviarstar.com/pages/our-story: 'Dana Leavitt'. Date unknown (diving era, late 1980s/early 1990s implied)."
archival_japan-group-photo_dana-denise_SCAN0069.jpg,https://cdn.shopify.com/s/files/1/0578/4544/8747/files/SCAN0069.jpg?v=1762230865,"Scanned print. Group of five indoors in a Japanese-style room (shoji, calligraphy scroll); woman in kimono. Alt text on caviarstar.com/pages/our-story: 'group photo with Dana and Denise Leavitt'. Date and place not captioned."
archival_japan-street_SCAN0052.jpg,https://cdn.shopify.com/s/files/1/0578/4544/8747/files/SCAN0052.jpg?v=1758053982,Scanned print. Street with Japanese/Chinese signage; a fair-haired man in a suit (resembles Dana in SCAN0024) walking with Japanese businessmen. Alt text: '2 men standing in the middle of an outdoor walkway'. Camera date stamp '4 18 '9_' (last digit hidden). Same photo as next file.
archival_japan-street_dana_date-stamp-4-18-9x.jpg,https://www.greatatlantictradinginc.com/uploads/2/4/9/9/24995151/background-images/1820998620.jpg,"Same street photo as SCAN0052, used as the background of greatatlantictradinginc.com/shipping.html. Date stamp reads 4 18 '9_ (1990s; last digit obscured)."
archival_japan-dinner-toast_dana-denise_gat-about.jpg,https://www.greatatlantictradinginc.com/uploads/2/4/9/9/24995151/background-images/776970150.jpg,"Scanned print used as background of greatatlantictradinginc.com/about-us.html. Five people toasting with small glasses at a restaurant table in Japan (shoji screens, hot pot). The couple in the centre appear to be the same man and woman as in SCAN0069 (likely Dana and Denise Leavitt; not captioned on this page). Date unknown."
gat_caviar-tins-production-line_2020.jpg,https://www.greatatlantictradinginc.com/uploads/2/4/9/9/24995151/background-images/670049092.jpg,"Rows of gold-lidded caviar tins on a production line/conveyor. EXIF: iPhone XS Max, 2020-06-26. Background of american-export.html. Location not stated (likely their facility or a supplier; unconfirmed)."
gat_caviar-macro_partner-page.jpg,https://www.greatatlantictradinginc.com/uploads/2/4/9/9/24995151/background-images/561902388.jpg,Macro of black caviar beads (background of partner-with-us.html). Provenance unknown; may be licensed imagery.
cs_home_caviar-macro-hero.jpg,https://caviarstar.com/cdn/shop/files/Copy_of_Caviar_closeup_carousel.jpg?v=1784067797,High-res (5472x2526) macro of caviar beads; caviarstar.com homepage hero carousel.
cs_polish-caviar-farm.png,https://cdn.shopify.com/s/files/1/0578/4544/8747/files/polish-caviar-farm.png?v=1753266298,"Outdoor sturgeon ponds/raceways lined with autumn trees, on caviarstar.com/pages/sustainability. Likely the Goslawice/Lyna river farm in Poland that supplies Polska caviar (same image as catalog page 5); not captioned on the page."
gat_logo_estd-1991.png,https://www.greatatlantictradinginc.com/uploads/2/4/9/9/24995151/published/gat-logo-trident-blue-tagline-esdt-1991.png,"Great Atlantic Trading logo: trident, 'ESTD 1991', 'FINE CAVIAR AND GOURMET IMPORTS'."
gat_logo_trident-2022.png,https://www.greatatlantictradinginc.com/uploads/2/4/9/9/24995151/published/gat-logo-blue-trident-2022-transparent-01.png,"Great Atlantic Trading logo, trident version (file name says 2022)."
gat_logo_wordmark.png,https://www.greatatlantictradinginc.com/uploads/2/4/9/9/24995151/published/gat-logo-plain.png,Great Atlantic Trading Inc. wordmark (site header).
cs_logo_caviar-star-black.png,https://cdn.shopify.com/s/files/1/0578/4544/8747/files/Caviar_Star_logo_Black_for_web.png?v=1660088761,"Caviar Star logo, black (on caviarstar.com/pages/our-brand)."
gat_fish-drawing_hackleback.jpg,https://www.greatatlantictradinginc.com/uploads/2/4/9/9/24995151/caviarstar-hackleback-weebly_orig.jpg,"Hackleback (shovelnose sturgeon) line drawing (500x176), species illustrations on greatatlantictradinginc.com/american-export.html."
gat_fish-drawing_paddlefish.jpg,https://www.greatatlantictradinginc.com/uploads/2/4/9/9/24995151/caviarstar-paddlefish-weebly_orig.jpg,"Paddlefish line drawing (500x176), species illustrations on greatatlantictradinginc.com/american-export.html."
gat_fish-drawing_bowfin-black.jpg,https://www.greatatlantictradinginc.com/uploads/2/4/9/9/24995151/caviarstar-bowfin-black-weebly_orig.jpg,"Bowfin line drawing (500x176), species illustrations on greatatlantictradinginc.com/american-export.html."
gat_fish-drawing_salmon-pic.jpg,https://www.greatatlantictradinginc.com/uploads/2/4/9/9/24995151/caviarstar-salmon-pic-weebly_2_orig.jpg,"Salmon line drawing (500x176), species illustrations on greatatlantictradinginc.com/american-export.html."
gat_fish-drawing_rainbow-trout.jpg,https://www.greatatlantictradinginc.com/uploads/2/4/9/9/24995151/caviarstar-rainbow-trout-weebly_orig.jpg,"Rainbow trout line drawing (500x176), species illustrations on greatatlantictradinginc.com/american-export.html."
gat_fish-drawing_whitefish-black.jpg,https://www.greatatlantictradinginc.com/uploads/2/4/9/9/24995151/caviarstar-whitefish-black-weebly_orig.jpg,"Golden whitefish line drawing (500x176), species illustrations on greatatlantictradinginc.com/american-export.html."
catalog2026_page01.jpg,https://d3u72tnj701eui.cloudfront.net/BF9FDAAA9F7/collections/zn3ehzx4ot/items/5e01dcd0e0444ef413f2a9i151467372/covers/page_1/original (signed CloudFront URL obtained via the public Flipsnack reader for https://www.flipsnack.com/caviarlady/great-atlantic-catalog),"Catalog cover: 'Great Atlantic Trading Specialty Catalog 2026', gold Caviar Star tin, caviar in crystal dish, mother-of-pearl spoon, coupe glasses."
catalog2026_page04.jpg,https://d3u72tnj701eui.cloudfront.net/BF9FDAAA9F7/collections/zn3ehzx4ot/items/5e01dcd0e0444ef413f2a9i151467372/covers/page_4/original (signed CloudFront URL obtained via the public Flipsnack reader for https://www.flipsnack.com/caviarlady/great-atlantic-catalog),Catalog p.2 "Our Story" text page; photo of two hands holding a large blue-rimmed tin heaped with golden-green caviar.
catalog2026_page05.jpg,https://d3u72tnj701eui.cloudfront.net/BF9FDAAA9F7/collections/zn3ehzx4ot/items/5e01dcd0e0444ef413f2a9i151467372/covers/page_5/original (signed CloudFront URL obtained via the public Flipsnack reader for https://www.flipsnack.com/caviarlady/great-atlantic-catalog),"Catalog p.3: partner farm photos with captions: Goslawice aquaculture farm (Poland, since 1967, Lyna river), Kaluga Queen, Caviar House & Prunier farm near Bordeaux."
catalog2026_page06.jpg,https://d3u72tnj701eui.cloudfront.net/BF9FDAAA9F7/collections/zn3ehzx4ot/items/5e01dcd0e0444ef413f2a9i151467372/covers/page_6/original (signed CloudFront URL obtained via the public Flipsnack reader for https://www.flipsnack.com/caviarlady/great-atlantic-catalog),"Catalog p.4 'Smart Guide': origin-country flag key (USA, France, Spain, Italy, Poland, Bulgaria, China, Denmark, Romania, Taiwan, Germany, Norway, Canada, Turkey) and icons for wild/farmed/smoked/frozen. Useful for a sourcing map."
catalog2026_page08.jpg,https://d3u72tnj701eui.cloudfront.net/BF9FDAAA9F7/collections/zn3ehzx4ot/items/5e01dcd0e0444ef413f2a9i151467372/covers/page_8/original (signed CloudFront URL obtained via the public Flipsnack reader for https://www.flipsnack.com/caviarlady/great-atlantic-catalog),"Catalog p.6 'Caviar & Roe - Domestic': white sturgeon (classic/royal/supreme), hackleback, paddlefish, bowfin, golden whitefish, salmon roe, with species names."
catalog2026_page10.jpg,https://d3u72tnj701eui.cloudfront.net/BF9FDAAA9F7/collections/zn3ehzx4ot/items/5e01dcd0e0444ef413f2a9i151467372/covers/page_10/original (signed CloudFront URL obtained via the public Flipsnack reader for https://www.flipsnack.com/caviarlady/great-atlantic-catalog),"Catalog p.8 'Caviar & Roe - Imported': Prunier French osetra, Dieckmann & Hansen, Polska, beluga hybrids, Italian white sturgeon."
catalog2026_page11.jpg,https://d3u72tnj701eui.cloudfront.net/BF9FDAAA9F7/collections/zn3ehzx4ot/items/5e01dcd0e0444ef413f2a9i151467372/covers/page_11/original (signed CloudFront URL obtained via the public Flipsnack reader for https://www.flipsnack.com/caviarlady/great-atlantic-catalog),"Catalog p.9: Dynasty osetra, Kaluga hybrids, Amur, Siberian; tobiko; note 'Custom-packed daily to order'."
catalog2026_page13.jpg,https://d3u72tnj701eui.cloudfront.net/BF9FDAAA9F7/collections/zn3ehzx4ot/items/5e01dcd0e0444ef413f2a9i151467372/covers/page_13/original (signed CloudFront URL obtained via the public Flipsnack reader for https://www.flipsnack.com/caviarlady/great-atlantic-catalog),"Catalog p.11: styled photo, caviar on mother-of-pearl shell plate with glass server and blinis."
catalog2026_page53.jpg,https://d3u72tnj701eui.cloudfront.net/BF9FDAAA9F7/collections/zn3ehzx4ot/items/5e01dcd0e0444ef413f2a9i151467372/covers/page_53/original (signed CloudFront URL obtained via the public Flipsnack reader for https://www.flipsnack.com/caviarlady/great-atlantic-catalog),"Catalog back cover: trident logo, 'Great Atlantic Trading', 563 Seaside Rd SW, Ocean Isle Beach, NC 28469, caviarstar.com, gatgourmet.com, phone numbers."
cs_product_hackleback-1oz-jar.jpg,https://cdn.shopify.com/s/files/1/0578/4544/8747/files/H_1oz_Top_Edited-2__73648.1743101029.1280.1280.jpg?v=1782909969,"Product photo: American Hackleback Sturgeon Caviar, 1 oz Caviar Star jar, top view (caviarstar.com product page)"
cs_product_paddlefish-1oz-jar.jpg,https://cdn.shopify.com/s/files/1/0578/4544/8747/files/Paddlefish1oz_Topshot_Edited-2__46690.1743016855.1280.1280.jpg?v=1752220318,"Product photo: American Paddlefish Caviar, 1 oz jar, top view"
cs_product_bowfin-jar.jpg,https://cdn.shopify.com/s/files/1/0578/4544/8747/files/Bowfin-Jar__06750.1626443475.1280.1280.jpg?v=1752220321,Product photo: American Bowfin Roe in jar
cs_product_bowfin-styled.jpg,https://cdn.shopify.com/s/files/1/0578/4544/8747/files/Caviarstar24__23193.1626443475.1280.1280.jpg?v=1752220321,"Product photo: Bowfin roe, styled shot (file name Caviarstar24)"
cs_product_royal-white-sturgeon.jpg,https://cdn.shopify.com/s/files/1/0578/4544/8747/files/DSC02638.jpg?v=1782909800,Product photo: Royal California White Sturgeon Caviar
cs_product_golden-whitefish-jar.jpg,https://cdn.shopify.com/s/files/1/0578/4544/8747/files/Whitefish-Jar2__52846.1639490579.1280.1280.jpg?v=1752220330,Product photo: Golden Whitefish Roe jar
cs_product_salmon-roe-1oz.jpg,https://cdn.shopify.com/s/files/1/0578/4544/8747/files/Salmon_1oz_Top_Edited-2__36979.1743093493.1280.1280.jpg?v=1752220327,"Product photo: American Salmon Roe (chum/keta), 1 oz jar"
cs_product_bourbon-smoked-trout-roe.jpg,https://cdn.shopify.com/s/files/1/0578/4544/8747/files/ST_1oz_Edited__00943.1743085170.1280.1280.jpg?v=1768797984,"Product photo: Bourbon Barrel Smoked Trout Roe, 1 oz jar"
cs_product_prunier-french-osetra-jar.jpg,https://cdn.shopify.com/s/files/1/0578/4544/8747/files/Osetra-French-Punier-crop-jar__12800.1732378790.1280.1280.jpg?v=1752220959,"Product photo: Caviar House & Prunier French Osetra, jar"
cs_product_kaluga-ot-tin-50g.jpg,https://cdn.shopify.com/s/files/1/0578/4544/8747/files/CaviarOT50goldKaluga.jpg?v=1762553826,"Product photo: VIP Imperial Kaluga Hybrid ""OT"" 50 g tin (gold Caviar Star tin)"
cs_product_kaluga-ot-tin-in-hand.jpg,https://cdn.shopify.com/s/files/1/0578/4544/8747/files/CaviarOT50goldKalugahand.jpg?v=1762553826,"Product photo: Kaluga ""OT"" tin held in a hand"
cs_product_polska-osetra-jar.jpg,https://cdn.shopify.com/s/files/1/0578/4544/8747/files/Polska_Osetra_jar.jpg?v=1764362108,Product photo: Lyna Polska Royal Osetra jar
baldor_cs_domestic-osetra-marble.jpg,https://cdn-endpoint-website.azureedge.net/uploads/FarmPhotoModel/2248/image/domosetramarble1.slider.jpg?t=1664220305,Caviar Star brand photo supplied to Baldor Specialty Foods (osetra on marble); hosted on Baldor's Caviar Star profile
baldor_cs_osetra-closeup.jpg,https://cdn-endpoint-website.azureedge.net/uploads/FarmPhotoModel/2249/image/closeuposetra2.slider.jpg?t=1664220305,Caviar Star brand photo on Baldor profile: osetra close-up
baldor_cs_sturgeon-swimming.jpg,https://cdn-endpoint-website.azureedge.net/uploads/FarmPhotoModel/2250/image/sturgeonswimming3.slider.jpg?t=1664220305,"Caviar Star brand photo on Baldor profile: sturgeon swimming (origin of footage/photo unknown); provenance of the underlying image not stated, may be licensed stock"
baldor_cs_shot-glass-server.jpg,https://cdn-endpoint-website.azureedge.net/uploads/FarmPhotoModel/2251/image/shotglassservercloseup4.slider.jpg?t=1664220305,Caviar Star brand photo on Baldor profile: shot-glass caviar server close-up
baldor_cs_sturgeon-image.jpg,https://cdn-endpoint-website.azureedge.net/uploads/FarmPhotoModel/2252/image/rovasturgeonimage5.slider.jpg?t=1664220305,"Caviar Star brand photo on Baldor profile: sturgeon image (file name rovasturgeonimage5); provenance of the underlying image not stated, may be licensed stock"
baldor_cs_osetra-and-white-sturgeon.jpg,https://cdn-endpoint-website.azureedge.net/uploads/FarmPhotoModel/2253/image/osetraandwhitesturgeon6.slider.jpg?t=1664220305,Caviar Star brand photo on Baldor profile: osetra and white sturgeon side by side
baldor_cs_blinis-and-spoon-dish.jpg,https://cdn-endpoint-website.azureedge.net/uploads/FarmPhotoModel/2254/image/blinisandspoondish7.slider.jpg?t=1664220305,Caviar Star brand photo on Baldor profile: blinis and mother-of-pearl spoon dish
baldor_cs_star-shape-with-lids.jpg,https://cdn-endpoint-website.azureedge.net/uploads/FarmPhotoModel/2255/image/caviarstarshapewithlids8.slider.jpg?t=1664220305,Caviar Star brand photo on Baldor profile: tins arranged in a star shape with lids
baldor_cs_circle-of-spoons.jpg,https://cdn-endpoint-website.azureedge.net/uploads/FarmModel/1962/thumb/caviar-star-circle-of-spoons.detail.jpg?t=1664220304,Caviar Star brand photo on Baldor profile: circle of caviar spoons (cover image)
