active,handle,size,headline,sub,name,badge,code,code_pct,cta,formats,catalog,dur,foot
y,dynasty-siberian-caviar,1oz,Elegant. Buttery.,Soft pearls that melt on the palate,Royal Dynasty Siberian Caviar,dollars,,,Shop the sale,9x16 4x5 1x1,y,,
y,amber-dynasty-royal-kaluga-caviar,4oz,Large. Firm. Buttery.,"Chocolate brown to dark amber, mild briny finish",Premier Kaluga Hybrid Caviar,percent,,,Shop the sale,9x16 4x5 1x1,y,,
y,royal-california-white-sturgeon-caviar,2oz,Nutty. Clean. Creamy.,Deep amber to dark gold pearls,Royal California White Sturgeon Caviar,percent,,,Shop the sale,9x16 4x5 1x1,y,,
y,classic-california-white-sturgeon-caviar,7oz,Clean. Creamy. Lingering.,"American White Sturgeon caviar, medium pearls",Classic American White Sturgeon Caviar,percent,,,Shop the sale,9x16 4x5 1x1,y,,
y,dynasty-royal-osetra-caviar,16oz,Nutty. Buttery. Pop.,"Amber Osetra, perfectly briny",Dynasty Royal Osetra Caviar,percent,,,Shop the sale,9x16 4x5 1x1,y,,
y,american-hackleback-sturgeon-caviar,7oz,Feel the Pop,"Mild, clean, with subtle earthy notes",American Hackleback Sturgeon Caviar,percent,,,Shop the sale,9x16 4x5 1x1,y,,
y,smoked-golden-whitefish-caviar,4oz,Soft Yet Crunchy,Cold smoked over bourbon barrel oak,Smoked Golden Whitefish Roe,percent,,,Shop the sale,9x16 4x5 1x1,y,,
y,shell-caviar-spoon-with-abalone-inlay,One Spoon,Taste Only Caviar,"Real mollusk shell, abalone tip, no metal taste",Shell Caviar Spoon with Abalone Inlay,percent,,,Shop the sale,9x16 4x5 1x1,y,,
y,mother-of-pearl-spoon-3-5,10,Set the Caviar Table,Hand cut nacre spoons that protect the flavor,"Mother of Pearl Spoons, 3.5 inch",percent,,,Shop the sale,9x16 4x5 1x1,y,,
y,pink-mother-of-pearl-shell-plate-spoon-set,Default Title,Set for Caviar Night,Handmade pink mother of pearl plate and spoon,Pink Mother of Pearl Shell Plate and Spoon Set,percent,,,Shop the sale,9x16 4x5 1x1,y,,
